URL,DA
americasurvival.org,36
glibblog.com,37
fnnation.com,38
fuckingmotherfucker.com,39
culinarybrodown.com,45
kiwitobes.com,33
eseminarslive.com,32
nepadbiosafety.net,31
q4tw.com,31
p-ramlee.com,32
terrorvision.com,32
cormorano.net,33
magnumwallet.co,33
justsayah.com,45
travisheightsbevworld.com,35
centre-etude-expression.com,33
hostingmexico1.com,30
johngutmann.org,34
philosofiction.com,30
orrinhatch.com,34
chaaps.com,35
semgroupcorp.com,38
piop.net,45
securitydefenceagenda.org,48
983bk.com,30
amandashome.com,35
homeandgardendesignideas.com,35
composersinc.org,22
bankupworldwide.com,8
fiveforksautomotive.com,8
chestercountyopticians.com,17
6xc.com,1
paystub.net,1
saintpierrelebisey-caen.com,18
doctorsfamilyclinic.net,16
elitebarber.com,3
saltlakecityutrealestate.com,1
chopstickswaterford.com,12
bsfurniturepampanga.com,8
carlascakesonline.com,12
currentstyles.com,1
goamatkalive.com,1
motagistics.com,16
childabuseintervention.org,17
mobettatuning.com,1
perimeterinn.com,14
dreamboy.com,7
nclcnewark.org,29
cleaningrochester.com,10
aybarfeet.com,4
77023.com,2
heraldoffashion.com,34
felix-entertainment.com,16
servermatrix.com,29
sdheroicfitness.com,3
vestelibre.com,1
julespets.com,4
gardengrapevine.com,30
viragojewelrypr.com,1
zaqx.com,1
alynnsbutterflyinn.com,17
jackyjonessuperstore.com,17
terrykim-shoemaker.com,5
robinbruton.com,1
chernobyltime.com,26
restaurantelamatriarca.com,8
homelooker.com,1
thehomemadehumour.com,16
toyohibachiasianfusion.com,15
vocspizza.com,15
cajunstyleswamptours.com,10
chequerssmokehouse.com,19
create-hub.com,31
lightingassociates.org,29
drytools.com,2
gametimes24.com,11
rodehouseaz.com,4
thevapehouse.net,12
dailydomaindeals.com,1
standingdog.com,33
evilash.me,2
rainemaida.net,35
vikingrowingclub.com,13
forinvestors.com,3
cn-number.com,1
bridgewatercornerstore.com,17
horsepartners.com,3
seagla.org,18
frontlineready.com,2
kidsgowild.org,20
wadiz.com,10
chainolakeswaterdogs.com,6
kichabid.com,3
schmitzauctions.com,19
estia-brighton.com,8
aftersound.com,1
vultureculture.com,4
erasimpsonrealty.net,16
merryfates.com,37
bidilforeclosures.com,14
deerfielddoglodging.com,13
brmadeena.com,5
thebackyardzone.com,9
darlingdowns-aussies.com,13
oknews.net,1
circostasitalian.com,14
naturalwoodenboxco.com,10
veniceshortstay.com,17
8800.cc,3
daytongrandhotel.com,20
soap-secret.com,1
lmdefense.com,14
ibcrazycoops.com,8
grandeharbourhomes.com,6
koraellex.com,1
linggahosting.com,10
ozmc.com,1
successfullymade.com,8
hybridhookahs.com,6
aseansports.com,26
obstaclefitnessspfld.com,3
elderlytech.com,34
jandjfenceks.com,10
garconsf.com,36
boulevardlavauddelivery.com,7
londonnationals.com,5
jambo.org,16
2dornot2d.org,19
elegantconcretedesigns.com,6
arbola.com,2
metroplay.com,8
dailycryptoflash.com,10
direkto.com,9
hfprint.com,1
siteone.net,10
thehuttonews.com,32
italydeli.com,14
veriza.com,3
modernround.com,38
internationalpeacehonors.org,24
policemarksman.com,27
restaurantemajara.com,14
barbariansgear.com,1
mcbeecottages.com,17
hitechno.com,3
maidstonehotel.net,14
theoaksatuniversity.com,4
handmadedesserts.com,9
cdak.com,3
twistedeyewear.com,9
rickforlg.com,29
kikoskraftees.com,6
gemworldholdings.com,8
duvallinthesmokiesrvcampground.com,22
heartandsoullodging.com,5
beerlifehacks.com,1
shopkins.com,2
topbike.com,6
thermography-sc.com,14
littlefriendssensorygym.com,6
polyannakennels.com,11
js9.com,1
queenstreetauto.com,2
kaashomaanka.com,11
startupbug.net,14
blvucci.com,15
2020shift.com,35
goldcarrytrade.com,6
minnesota-visitor.com,27
chewbear.com,4
thechelseanashville.com,5
clutchcloset.com,13
78552.com,1
franciamarquezmina.com,36
shatabdiairexpress.com,5
golddigger-ng.com,9
keepwinning.com,1
974r.com,2
quanji.com,2
dhldaytonjobs.com,8
celestesinteriors.com,12
addlestonegrill.com,6
arlingtonselfdefense.com,18
letsillustrate.org,1
rentunh.com,6
wtaelocaljobs.com,10
zr188.com,2
localconstruct.com,27
foodevolution.com,26
downeyskinandbodytherapy.info,2
sipsncanvas.com,9
centraliowapropertymanagement.com,13
alwaysthesunboutique.com,10
villagecarwash.net,14
babybelt.com,1
cannonbeachhotel.com,21
defendare.com,3
pinarealestateacademy.com,2
aigenom.com,24
pendao.com,11
hedgerow-harvest.com,35
carajoweb.com,41
filmkoleksi.com,6
beadandreel.com,38
fobello.com,28
burgerandbordeaux.com,17
coindev.com,1
wailuameatco.com,9
esuncamera.com,2
dilleyfloors.com,14
medors.com,1
allali.com,5
cherokeesteelfabricators.com,8
insurancementor.com,1
hbccollege.com,12
smallunites.org,27
sersoftware.com,16
twobrotherspizzarhinebeck.com,3
roosheatingandairconditioning.com,1
securityworx.com,14
whale-write.com,8
infinitethinking.com,4
cp118.com,1
gajananhospitals.com,8
scotchbrookrentaltownhomes.com,4
bloomfieldfirebirds.com,6
dxcap.com,2
hempnatural.com,7
lsuinsects.org,27
az18.com,1
fueltraders.com,1
danieldmusic.com,20
mybluedots.org,18
gabbardfeed.com,6
easy-online-courses.com,19
uzuryno.com,1
timhardaway.com,13
ctltrans.com,15
montclairduplexapartments.com,4
redbluffpropertymanagement.com,10
hartwoodwineryva.com,24
toscanyacademy.com,24
dailypositivequotes.com,27
denverquarterly.com,25
thewebpager.com,20
meyere-58h.com,14
eastharlempreservation.org,35
hitpulse.com,22
lifehealthcaregroup.com,10
agsj.org,20
eatatsoco.com,1
ferramentagioia.com,7
selleramzcourse.com,7
bananaflourrecipes.com,1
ecis2021.com,23
yourpool.com,17
bestowed.com,47
freeglossary.com,27
belizetimes.bz,44
foodieandthegeek.com,4
nabilabiela.com,20
bioterror.net,4
zofran911.com,18
rachatdescredit.com,4
oldtrunks.com,22
suziemanley.com,15
alongthewayside.com,29
scienceworksforus.org,36
farmiciarestaurant.com,40
secureapp.com,26
useitmedia.com,5
hamsdr.com,23
arenaofthemes.com,14
tizaaconnect.com,3
thechamberbusinessnetwork.com,11
evkurum.com,5
terminal-illness.com,4
familyadventuretravel.com,15
aunmas.com,40
alife9.org,17
visitwitteringsonline.com,7
urbanclimbermag.tv,18
boomer-books.com,8
3rdbasebrewery.com,16
weddingguideonline.com,10
levallois-commerces.com,12
taichi-deutschland.net,9
cijmalaysia.org,37
lthack.com,7
thaipressasso.org,13
cajasvalencia.com,12
valeofevesham.net,19
freshsheet.net,11
treelinetampa.com,11
prairiehorsesale.com,10
kreuzer-dialogmarketing.com,11
zambiabook.com,14
hnsmba.org,18
costaricanfood.net,8
smiltur.com,6
afd35.org,5
uugardens.org,16
nma.tv,59
blogmapper.com,25
qwanturank.live,18
heyheyapps.com,39
the-race-movie.com,20
vipescortmodel.net,20
colegrovephotography.com,24
surenatalent.com,5
mind-n-magick.com,21
canadapharmacy-drugrx.com,23
eichorn-law.com,20
kuara.net,20
katai.tv,12
edct.net,27
thevirtualdimemuseum.com,16
vistaview360.com,31
oldstatetheatreantiques.com,8
bayswater-realty.com,8
enjoy-retirement-jobs.com,17
eatingappalachia.com,28
dhradio.net,1
yemensaeed.com,26
modcoder.org,19
letterpresskids.com,25
100spravok.info,29
wrywriter.com,23
